{"sounds/david.wav": {"0": {"rms": 1485318.6841635893, "hz": 360.2, "magnitude": 1485318.6841635893, "formant": 171.4079136690648}}, "1": {"rms": 1552067.9280253078, "hz": 223.2, "magnitude": 1552067.9280253078, "formant": 172.11259259259256}, "2": {"rms": 1557121.166187267, "hz": 101.6, "magnitude": 1557121.166187267, "formant": 171.27971014492778}, 3: {"rms": 1522081.2227888375, "hz": 412, "magnitude": 1522081.2227888375, "formant": 169.94157303370787}, 4: {"rms": 1762164.5515679598, "hz": 410, "magnitude": 1762164.5515679598, "formant": 170.2830882352941}, 5: {"rms": 1673411.686751528, "hz": 220.2, "magnitude": 1673411.686751528, "formant": 169.43870967741944}, 6: {"rms": 1778411.5956156366, "hz": 147, "magnitude": 1778411.5956156366, "formant": 171.33420195439737}, 7: {"rms": 1606694.9915218798, "hz": 224.6, "magnitude": 1606694.9915218798, "formant": 172.0777777777778}, 8: {"rms": 1356586.8007810456, "hz": 172.2, "magnitude": 1356586.8007810456, "formant": 171.55355805243454}, 9: {"rms": 1633545.278495522, "hz": 222.6, "magnitude": 1633545.278495522, "formant": 169.99440559440558}, 10: {"rms": 1721897.8835597779, "hz": 220.4, "magnitude": 1721897.8835597779, "formant": 171.74200743494433}, 11: {"rms": 1836194.7247572748, "hz": 375.2, "magnitude": 1836194.7247572748, "formant": 171.43959731543626}, 12: {"rms": 1841933.5283840094, "hz": 410.4, "magnitude": 1841933.5283840094, "formant": 170.33151750972775}, 13: {"rms": 1784285.3502611422, "hz": 148.8, "magnitude": 1784285.3502611422, "formant": 169.93642857142856}, 14: {"rms": 1632233.8146591187, "hz": 173.4, "magnitude": 1632233.8146591187, "formant": 167.97864768683272}, 15: {"rms": 1403680.6277471082, "hz": 218.8, "magnitude": 1403680.6277471082, "formant": 168.779856115108}, 16: {"rms": 1715856.4607234264, "hz": 221.6, "magnitude": 1715856.4607234264, "formant": 170.74648829431442}, 17: {"rms": 1554707.818035053, "hz": 376.8, "magnitude": 1554707.818035053, "formant": 169.46105263157895}, 18: {"rms": 1628471.5553575591, "hz": 504.6, "magnitude": 1628471.5553575591, "formant": 172.26478873239446}, 19: {"rms": 1582436.3688109505, "hz": 91.6, "magnitude": 1582436.3688109505, "formant": 169.50383275261336}, 20: {"rms": 1575748.9695438005, "hz": 183.4, "magnitude": 1575748.9695438005, "formant": 170.99572953736666}, 21: {"rms": 1620274.7610810383, "hz": 222.2, "magnitude": 1620274.7610810383, "formant": 169.86736111111128}, 22: {"rms": 1932331.6757525872, "hz": 442.2, "magnitude": 1932331.6757525872, "formant": 169.27346938775514}, 23: {"rms": 1618118.184907974, "hz": 361, "magnitude": 1618118.184907974, "formant": 168.986013986014}, 24: {"rms": 1649700.514968963, "hz": 462.4, "magnitude": 1649700.514968963, "formant": 170.02846441947582}, 25: {"rms": 2107567.5241506775, "hz": 148, "magnitude": 2107567.5241506775, "formant": 170.91102661596958}, 26: {"rms": 1872650.171289825, "hz": 221.4, "magnitude": 1872650.171289825, "formant": 172.4745387453874}, 27: {"rms": 1856779.0039646167, "hz": 445.2, "magnitude": 1856779.0039646167, "formant": 172.30706319702608}, 28: {"rms": 1767560.08570372, "hz": 505.8, "magnitude": 1767560.08570372, "formant": 170.6772058823529}, 29: {"rms": 1429581.99976719, "hz": 171.4, "magnitude": 1429581.99976719, "formant": 171.8328671328671}, 30: {"rms": 1726020.9047517662, "hz": 181.2, "magnitude": 1726020.9047517662, "formant": 172.59632352941176}, 31: {"rms": 1705442.5153765639, "hz": 379.4, "magnitude": 1705442.5153765639, "formant": 171.22983050847455}, 32: {"rms": 1680876.6659823393, "hz": 362.4, "magnitude": 1680876.6659823393, "formant": 169.12140077821027}, 33: {"rms": 1856483.5101464193, "hz": 403.8, "magnitude": 1856483.5101464193, "formant": 171.59793814432973}, 34: {"rms": 1453847.9297360096, "hz": 171.2, "magnitude": 1453847.9297360096, "formant": 169.34487632508836}, 35: {"rms": 1705521.6129324262, "hz": 360.8, "magnitude": 1705521.6129324262, "formant": 170.84626865671643}, 36: {"rms": 1792431.1631954673, "hz": 506, "magnitude": 1792431.1631954673, "formant": 170.99568345323735}, 37: {"rms": 1606854.3490691981, "hz": 223.4, "magnitude": 1606854.3490691981, "formant": 171.86969696969695}, 38: {"rms": 1387219.8630492818, "hz": 98.2, "magnitude": 1387219.8630492818, "formant": 171.41085271317834}, 39: {"rms": 1872696.8385582152, "hz": 144, "magnitude": 1872696.8385582152, "formant": 168.92152777777767}, 40: {"rms": 1408846.2348251564, "hz": 463.2, "magnitude": 1408846.2348251564, "formant": 165.8382978723404}, 41: {"rms": 1930949.031559048, "hz": 374.6, "magnitude": 1930949.031559048, "formant": 168.11335740072207}, 42: {"rms": 1925513.939293613, "hz": 222.2, "magnitude": 1925513.939293613, "formant": 170.8152173913044}, 43: {"rms": 1721373.587056799, "hz": 217.4, "magnitude": 1721373.587056799, "formant": 170.84532374100732}, 44: {"rms": 1120267.8894115207, "hz": 359.63114754, "magnitude": 1120267.8894115207, "formant": 171.06430623626838}}, "sounds/cristian.wav": {0: {"rms": 2407822.1605759505, "hz": 144, "magnitude": 2407822.1605759505, "formant": 170.72447552447545}, 1: {"rms": 2247426.8898796835, "hz": 128.6, "magnitude": 2247426.8898796835, "formant": 172.13172413793097}, 2: {"rms": 1999807.9910787055, "hz": 124, "magnitude": 1999807.9910787055, "formant": 169.0299625468164}, 3: {"rms": 1794872.6262477073, "hz": 147.4, "magnitude": 1794872.6262477073, "formant": 168.24788732394362}, 4: {"rms": 2134833.322844015, "hz": 140.2, "magnitude": 2134833.322844015, "formant": 170.02116788321166}, 5: {"rms": 1987574.0478395664, "hz": 158.2, "magnitude": 1987574.0478395664, "formant": 167.63127272727274}, 6: {"rms": 2074388.2806956114, "hz": 125.2, "magnitude": 2074388.2806956114, "formant": 170.5743944636678}, 7: {"rms": 2284847.154341306, "hz": 128, "magnitude": 2284847.154341306, "formant": 169.67862068965522}, 8: {"rms": 2153553.982485865, "hz": 142.2, "magnitude": 2153553.982485865, "formant": 169.87058823529415}, 9: {"rms": 2115679.8321227087, "hz": 125.4, "magnitude": 2115679.8321227087, "formant": 170.1186813186813}, 10: {"rms": 2169219.3953623576, "hz": 129, "magnitude": 2169219.3953623576, "formant": 169.90000000000003}, 11: {"rms": 1791568.747232434, "hz": 148.4, "magnitude": 1791568.747232434, "formant": 173.42252559726958}, 12: {"rms": 1823401.6360246944, "hz": 126, "magnitude": 1823401.6360246944, "formant": 171.66973180076613}, 13: {"rms": 2065054.7708703426, "hz": 134.2, "magnitude": 2065054.7708703426, "formant": 167.32337164750962}, 14: {"rms": 1932688.1016709006, "hz": 124.4, "magnitude": 1932688.1016709006, "formant": 167.98585858585858}, 15: {"rms": 2209342.65771307, "hz": 148.6, "magnitude": 2209342.65771307, "formant": 171.24822695035442}, 16: {"rms": 2216682.7183000273, "hz": 123.6, "magnitude": 2216682.7183000273, "formant": 171.46784452296825}, 17: {"rms": 2359082.4761673757, "hz": 149, "magnitude": 2359082.4761673757, "formant": 167.526515151515}, 18: {"rms": 1921686.6308391641, "hz": 148.8, "magnitude": 1921686.6308391641, "formant": 171.16628352490417}, 19: {"rms": 2249245.190512943, "hz": 128.4, "magnitude": 2249245.190512943, "formant": 168.80000000000007}, 20: {"rms": 2295454.470596066, "hz": 129, "magnitude": 2295454.470596066, "formant": 170.1178947368421}, 21: {"rms": 2116368.0571212834, "hz": 132.4, "magnitude": 2116368.0571212834, "formant": 170.58181818181816}, 22: {"rms": 2087132.5583221985, "hz": 145.6, "magnitude": 2087132.5583221985, "formant": 170.4081481481481}, 23: {"rms": 2095458.3891047835, "hz": 313, "magnitude": 2095458.3891047835, "formant": 168.50232558139538}, 24: {"rms": 2055914.864735554, "hz": 128.6, "magnitude": 2055914.864735554, "formant": 169.47067137809185}, 25: {"rms": 2162741.116987863, "hz": 147.2, "magnitude": 2162741.116987863, "formant": 169.88811188811192}, 26: {"rms": 1951766.423812361, "hz": 127.8, "magnitude": 1951766.423812361, "formant": 170.56057347670256}, 27: {"rms": 2028839.8013210236, "hz": 150.2, "magnitude": 2028839.8013210236, "formant": 171.8662068965518}, 28: {"rms": 2169692.8874788107,